time,low,high,open,close,volume
2021-03-22 01:00:00,56325.0,56765.29,56600.0,56644.66,837.33469839
2021-03-22 02:00:00,56450.0,57040.0,56644.66,56978.95,425.95137219
2021-03-22 03:00:00,56982.48,57627.36,56982.49,57554.94,331.68025354
2021-03-22 04:00:00,57431.3,57820.61,57561.42,57610.01,303.26918844
2021-03-22 05:00:00,57300.72,57755.0,57610.01,57578.89,187.73915684
2021-03-22 06:00:00,57571.43,57875.79,57578.89,57663.53,211.06481527
2021-03-22 07:00:00,57515.06,57832.07,57657.66,57559.82,179.23991439
2021-03-22 08:00:00,57104.95,57688.74,57572.41,57191.36,193.67474508
2021-03-22 09:00:00,57050.0,57396.21,57191.36,57364.05,206.49740081
2021-03-22 10:00:00,57275.74,58421.68,57364.05,57898.93,576.0118745
2021-03-22 11:00:00,57565.77,58146.4,57903.27,57714.09,439.13496241
2021-03-22 12:00:00,56840.0,57756.04,57722.74,57250.01,697.28224708
2021-03-22 13:00:00,56585.0,57425.22,57250.01,56999.99,1175.11207501
2021-03-22 14:00:00,56800.0,57304.65,57000.0,57012.15,917.82309882
2021-03-22 15:00:00,56918.72,57236.43,57018.75,57105.1,535.36094342
2021-03-22 16:00:00,56215.0,57225.53,57107.89,56794.35,1088.70881131
2021-03-22 17:00:00,56577.99,57203.59,56793.11,57081.53,559.68246752
2021-03-22 18:00:00,56315.23,57190.0,57092.51,56486.74,637.88143488
2021-03-22 19:00:00,55555.0,56548.06,56478.14,55565.68,1765.75814938
2021-03-22 20:00:00,54211.0,56011.31,55564.0,54558.79,2176.87128137
2021-03-22 21:00:00,54349.3,54990.0,54558.66,54581.04,1927.97568228
2021-03-22 22:00:00,53739.5,54676.31,54580.15,54620.0,2282.03802337
2021-03-22 23:00:00,54088.0,54900.0,54620.0,54110.07,1248.97380291
2021-03-23 00:00:00,53812.0,54793.92,54111.49,54722.93,1096.64796042
2021-03-23 01:00:00,54546.42,55396.95,54723.8,55158.49,1001.79967013
2021-03-23 02:00:00,54429.66,55200.0,55167.6,54553.07,603.61323327
2021-03-23 03:00:00,54375.53,54731.33,54562.12,54702.55,450.29972092
2021-03-23 04:00:00,54062.44,54792.84,54702.55,54461.43,539.74522817
2021-03-23 05:00:00,53141.91,54483.29,54461.42,53543.9,1642.47762704
2021-03-23 06:00:00,53000.0,53772.53,53544.17,53311.92,1106.44129347
2021-03-23 07:00:00,53310.9,54293.6,53311.13,54168.72,606.29416033
2021-03-23 08:00:00,53827.63,54493.99,54176.7,54330.65,453.97276688
2021-03-23 09:00:00,54241.65,54700.78,54329.37,54609.68,348.81392114
2021-03-23 10:00:00,54449.73,54817.29,54609.68,54678.24,345.22307715
2021-03-23 11:00:00,54100.0,54812.05,54678.25,54249.26,488.70033203
2021-03-23 12:00:00,54231.09,55246.85,54249.26,55147.45,640.92830743
2021-03-23 13:00:00,54998.68,55478.42,55148.09,55276.8,1340.46787144
2021-03-23 14:00:00,54650.0,55367.58,55274.7,55169.35,1332.57946224
2021-03-23 15:00:00,54938.43,55352.16,55171.49,55172.88,832.60281888
2021-03-23 16:00:00,54823.23,55750.0,55182.4,55538.99,857.35482757
2021-03-23 17:00:00,55430.0,55798.77,55538.99,55735.81,962.43467233
2021-03-23 18:00:00,55302.64,55858.0,55731.54,55360.49,966.64805756
2021-03-23 19:00:00,54816.47,55554.75,55360.49,55030.53,1163.76375278
2021-03-23 20:00:00,54300.61,55093.66,55019.6,54451.06,799.22664449
2021-03-23 21:00:00,54179.98,54738.96,54452.79,54654.01,631.59971468
2021-03-23 22:00:00,54363.13,54903.0,54654.02,54396.37,503.07711237
2021-03-23 23:00:00,54302.68,54828.39,54400.63,54345.54,507.04450728
2021-03-24 00:00:00,53586.2,54680.0,54333.27,53701.0,1012.16498317
2021-03-24 01:00:00,53527.0,54565.17,53701.0,54464.11,684.39967688
2021-03-24 02:00:00,54350.01,54616.0,54464.11,54412.08,390.40731156
2021-03-24 03:00:00,54047.48,54738.0,54414.54,54341.41,540.89173217
2021-03-24 04:00:00,53972.64,54557.71,54339.23,54106.54,499.69159609
2021-03-24 05:00:00,53741.74,54274.19,54106.54,54119.41,341.4862558
2021-03-24 06:00:00,53733.0,55000.0,54119.41,54657.27,491.25779364
2021-03-24 07:00:00,54624.83,55591.02,54657.27,55456.66,1050.15189774
2021-03-24 08:00:00,55452.32,56368.99,55456.53,56301.82,1344.67627015
2021-03-24 09:00:00,56308.83,56666.67,56312.18,56391.68,666.60900102
2021-03-24 10:00:00,56024.5,56596.99,56391.68,56465.13,566.58805432
2021-03-24 11:00:00,56290.0,56647.36,56465.13,56588.58,664.47137373
2021-03-24 12:00:00,56581.68,57060.07,56581.68,56917.19,967.81678725
2021-03-24 13:00:00,56369.02,57209.97,56927.37,56785.97,1080.85567649
2021-03-24 14:00:00,56430.0,56931.49,56785.97,56516.48,865.29670437
2021-03-24 15:00:00,56002.44,56632.63,56516.49,56261.37,979.98413034
2021-03-24 16:00:00,55706.92,56386.22,56261.37,55731.87,984.00838318
2021-03-24 17:00:00,55555.56,56373.36,55731.87,56122.01,670.90601417
2021-03-24 18:00:00,55310.0,56335.94,56122.0,55328.47,1000.79324187
2021-03-24 19:00:00,54600.0,55527.66,55328.47,54681.18,1096.87953374
2021-03-24 20:00:00,53147.57,54681.18,54681.18,54044.98,2423.52061479
2021-03-24 21:00:00,53541.99,54219.13,54037.49,53723.73,929.29408994
2021-03-24 22:00:00,51673.82,53723.73,53723.72,52520.76,3225.24412304
2021-03-24 23:00:00,52214.0,52950.0,52518.85,52276.16,1297.81838078
2021-03-25 00:00:00,52020.12,52777.0,52259.69,52613.89,1133.83085257
2021-03-25 01:00:00,51716.53,52755.09,52606.96,51796.09,1374.72867309
2021-03-25 02:00:00,51500.0,52555.77,51820.45,52230.81,1693.31151438
2021-03-25 03:00:00,51816.55,52561.34,52230.8,52109.27,985.48416426
2021-03-25 04:00:00,51888.05,52480.33,52109.27,52239.64,629.80841737
2021-03-25 05:00:00,52128.15,52843.99,52239.63,52688.56,564.55560117
2021-03-25 06:00:00,52658.48,53238.0,52688.62,52953.52,585.88659598
2021-03-25 07:00:00,52205.92,53110.66,52953.52,52246.91,627.08606688
2021-03-25 08:00:00,52066.62,52783.18,52246.91,52603.86,644.96920065
2021-03-25 09:00:00,52350.01,53027.0,52603.86,52948.1,447.37343834
2021-03-25 10:00:00,52524.86,53058.0,52950.38,52970.51,508.48032158
2021-03-25 11:00:00,52116.82,53144.43,52963.69,52136.31,1081.95075176
2021-03-25 12:00:00,50305.0,52311.0,52140.48,51067.85,3534.21444483
2021-03-25 13:00:00,50415.98,52007.98,51068.34,51672.78,4204.56671632
2021-03-25 14:00:00,51047.37,52080.0,51672.77,51300.0,1782.30062076
2021-03-25 15:00:00,50625.59,51520.25,51299.99,50983.82,2024.56032555
2021-03-25 16:00:00,50548.22,51699.79,50996.69,51319.96,1749.71460241
2021-03-25 17:00:00,51126.01,51808.39,51325.65,51627.11,1027.65226207
2021-03-25 18:00:00,51501.51,52532.41,51626.72,52236.88,1164.38323993
2021-03-25 19:00:00,51626.25,52312.64,52233.55,52209.05,861.84820433
2021-03-25 20:00:00,51851.08,52704.23,52209.05,52000.0,785.39221168
2021-03-25 21:00:00,51971.12,52600.0,52000.0,52447.37,498.89020251
2021-03-25 22:00:00,51622.0,52757.15,52447.37,51759.99,805.81835834
2021-03-25 23:00:00,51235.25,52054.44,51759.99,51325.01,925.23736912
2021-03-26 00:00:00,51250.0,52285.85,51320.76,52102.69,702.92607148
2021-03-26 01:00:00,51978.98,52367.56,52096.38,52283.55,393.24520707
2021-03-26 02:00:00,51553.68,52398.72,52283.72,51694.86,507.66996323
2021-03-26 03:00:00,51696.39,52728.28,51704.15,52428.82,567.62877603
2021-03-26 04:00:00,52200.0,52788.81,52428.61,52725.66,508.60598293
2021-03-26 05:00:00,52521.04,52946.79,52735.46,52849.98,431.10123783
2021-03-26 06:00:00,52489.83,52899.14,52849.99,52602.15,306.62250965
2021-03-26 07:00:00,52420.0,53701.3,52602.16,53651.25,1445.04158614
2021-03-26 08:00:00,53192.2,53983.75,53651.25,53412.79,1288.02093855
2021-03-26 09:00:00,53260.0,53660.48,53412.79,53348.53,490.18323495
2021-03-26 10:00:00,53215.51,53612.89,53348.54,53400.89,407.02266257
2021-03-26 11:00:00,52584.01,53470.92,53404.62,52713.87,541.90526802
2021-03-26 12:00:00,52534.11,53249.0,52728.13,53024.69,564.47212962
2021-03-26 13:00:00,52777.0,53366.77,53024.69,53366.77,675.15482757
2021-03-26 14:00:00,53148.35,53541.67,53362.41,53462.29,772.58441929
2021-03-26 15:00:00,53234.65,53575.0,53462.29,53326.52,1416.44136338
2021-03-26 16:00:00,52910.0,54096.27,53327.28,53827.1,1648.86240978
2021-03-26 17:00:00,53559.61,54001.7,53827.1,53886.72,844.44555217
2021-03-26 18:00:00,53530.0,53994.61,53894.24,53728.99,718.30891742
2021-03-26 19:00:00,53600.0,53893.0,53729.26,53839.13,518.04893963
2021-03-26 20:00:00,53844.59,54322.25,53846.76,54006.54,987.72654607
2021-03-26 21:00:00,54006.56,54640.84,54008.15,54630.43,649.47686581
2021-03-26 22:00:00,54402.34,54846.95,54630.0,54431.32,755.59237876
2021-03-26 23:00:00,54363.16,55125.13,54431.32,55072.44,701.9195941
2021-03-27 00:00:00,54755.0,55658.94,55080.9,54779.61,1113.25078941
2021-03-27 01:00:00,54610.91,55039.59,54780.0,54714.75,631.28606989
2021-03-27 02:00:00,54534.51,54940.85,54714.65,54789.37,273.56290271
2021-03-27 03:00:00,54598.71,54872.62,54789.37,54795.76,282.10559528
2021-03-27 04:00:00,54680.01,55256.71,54802.65,54997.6,410.79765437
2021-03-27 05:00:00,54736.28,55380.0,54997.59,55212.29,284.62856734
2021-03-27 06:00:00,54989.7,55306.32,55219.31,55058.27,329.69077785
2021-03-27 07:00:00,54515.34,55100.0,55055.81,54971.06,407.78392541
2021-03-27 08:00:00,54674.17,55152.81,54964.55,54942.51,357.16271992
2021-03-27 09:00:00,54804.93,55047.1,54935.18,55045.65,154.95591788
2021-03-27 10:00:00,54685.01,55127.0,55045.65,54693.46,269.76290226
2021-03-27 11:00:00,54329.92,54824.93,54697.97,54458.9,380.45708765
2021-03-27 12:00:00,53966.0,54605.29,54458.65,54297.27,483.2456985
2021-03-27 13:00:00,54071.0,54848.51,54290.57,54759.61,426.37983903
2021-03-27 14:00:00,54404.88,54786.72,54761.78,54661.2,497.17236272
2021-03-27 15:00:00,54531.84,55080.9,54658.32,54980.99,533.84477523
2021-03-27 16:00:00,54971.33,56222.0,54980.98,56186.15,1179.38206386
2021-03-27 17:00:00,55822.91,56300.0,56185.86,56110.99,737.60036295
2021-03-27 18:00:00,55578.2,56111.0,56110.99,55749.81,468.85627291
2021-03-27 19:00:00,55655.03,55930.65,55749.82,55802.75,285.97610732
2021-03-27 20:00:00,55719.45,55944.88,55802.75,55900.1,328.74326885
2021-03-27 21:00:00,55750.0,56640.0,55900.1,56457.27,447.63799445
2021-03-27 22:00:00,56066.74,56540.0,56456.94,56407.95,573.91503222
2021-03-27 23:00:00,55779.05,56475.56,56403.71,55856.53,475.13480722
2021-03-28 00:00:00,55573.49,56134.37,55856.54,56051.66,524.91642073
2021-03-28 01:00:00,55834.91,56225.95,56051.66,56130.22,548.8439158
2021-03-28 02:00:00,55783.75,56157.39,56130.22,55855.41,440.73712693
2021-03-28 03:00:00,55791.64,56181.43,55855.41,56069.64,307.8159776
2021-03-28 04:00:00,56062.42,56500.0,56062.42,56291.85,383.36076322
2021-03-28 05:00:00,56091.98,56417.65,56291.85,56265.31,339.74583791
2021-03-28 06:00:00,55845.83,56329.14,56272.86,55945.2,219.11398926
2021-03-28 07:00:00,55886.1,56291.71,55945.2,56225.18,166.78242385
2021-03-28 08:00:00,55994.48,56314.2,56225.18,56306.68,182.34433575
2021-03-28 09:00:00,56031.91,56587.08,56306.91,56116.35,290.30384318
2021-03-28 10:00:00,55715.61,56188.92,56123.05,56096.8,285.1705807
2021-03-28 11:00:00,55777.47,56101.9,56101.9,55792.17,232.88544844
2021-03-28 12:00:00,55275.06,56007.52,55788.36,55508.17,549.70700853
2021-03-28 13:00:00,55425.96,55899.89,55507.51,55769.88,336.42815956
2021-03-28 14:00:00,55498.08,55838.54,55751.08,55803.27,391.38990982
2021-03-28 15:00:00,55654.29,56387.05,55803.26,56357.42,388.55155205
2021-03-28 16:00:00,56035.36,56479.87,56357.43,56270.61,328.24903567
2021-03-28 17:00:00,55820.0,56311.82,56270.61,55966.74,290.01074919
2021-03-28 18:00:00,55183.61,56000.0,55959.71,55206.61,525.77452747
2021-03-28 19:00:00,54701.0,55426.36,55206.61,55224.61,781.35912932
2021-03-28 20:00:00,54777.77,55226.82,55224.61,54844.09,531.57235719
2021-03-28 21:00:00,54807.87,55332.88,54839.22,55125.01,361.65037981
2021-03-28 22:00:00,54998.52,55647.7,55125.01,55596.01,436.32931907
2021-03-28 23:00:00,55505.61,55876.81,55596.01,55778.82,392.76023242
2021-03-29 00:00:00,55290.0,55908.93,55781.22,55389.0,452.04148908
2021-03-29 01:00:00,54962.19,55491.4,55389.0,55220.56,540.01204695
2021-03-29 02:00:00,55127.51,55494.17,55220.56,55352.04,344.57323276
2021-03-29 03:00:00,55253.61,55523.45,55342.2,55355.61,235.56702087
2021-03-29 04:00:00,55074.79,55500.0,55355.61,55324.04,389.52121683
2021-03-29 05:00:00,54900.0,55413.52,55308.04,55027.93,343.68939012
2021-03-29 06:00:00,55012.12,55488.57,55025.3,55389.07,328.52990206
2021-03-29 07:00:00,55350.61,56160.0,55389.08,55913.47,502.13515562
2021-03-29 08:00:00,55908.54,57199.99,55913.46,57103.47,966.87293922
2021-03-29 09:00:00,56976.44,58191.83,57109.58,57932.52,1126.76807051
2021-03-29 10:00:00,57769.47,58325.85,57934.62,58047.01,852.32863095
2021-03-29 11:00:00,57611.43,58134.88,58047.01,57886.15,960.14398839
2021-03-29 12:00:00,57781.5,58400.0,57888.76,58032.52,1106.50227152
2021-03-29 13:00:00,57813.26,58220.39,58032.51,57956.68,865.81236154
2021-03-29 14:00:00,57831.64,58245.0,57957.79,58159.99,897.12612542
2021-03-29 15:00:00,57296.25,58203.88,58159.99,57721.01,1139.55015365
2021-03-29 16:00:00,57178.12,57886.2,57734.69,57597.11,1223.65339342
2021-03-29 17:00:00,57535.6,58292.2,57597.11,57894.23,1164.94853549
2021-03-29 18:00:00,57530.06,58000.0,57894.23,57800.0,949.90387142
2021-03-29 19:00:00,57410.0,57844.09,57800.0,57681.82,720.35145824
2021-03-29 20:00:00,57056.8,57728.14,57681.83,57235.93,758.92634096
2021-03-29 21:00:00,57171.73,57607.19,57233.75,57534.33,568.75891724
2021-03-29 22:00:00,57436.96,57910.83,57534.34,57727.65,562.94248171
2021-03-29 23:00:00,57282.61,57775.73,57727.64,57613.48,551.70985704
2021-03-30 00:00:00,57385.94,57729.86,57613.76,57503.01,420.87785306
2021-03-30 01:00:00,57197.0,57575.34,57503.01,57364.5,916.7913064
2021-03-30 02:00:00,57100.0,57371.73,57364.5,57260.82,594.56168883
2021-03-30 03:00:00,57000.0,57300.0,57260.83,57107.5,948.84431877
2021-03-30 04:00:00,57022.02,57788.42,57106.97,57545.0,521.32654558
2021-03-30 05:00:00,57343.8,57662.28,57540.27,57641.83,330.6720021
2021-03-30 06:00:00,57486.61,58249.0,57641.84,58050.2,800.02881713
2021-03-30 07:00:00,57933.77,58256.42,58050.2,58119.87,259.22634431
2021-03-30 08:00:00,57734.18,58188.69,58116.43,57945.8,320.61211696
2021-03-30 09:00:00,57862.02,58888.0,57945.79,58829.5,801.28315536
2021-03-30 10:00:00,58615.33,59300.0,58837.32,58860.01,1001.58500776
2021-03-30 11:00:00,58846.6,59279.12,58860.0,59271.43,828.20831139
2021-03-30 12:00:00,59051.72,59397.48,59271.43,59150.01,739.75985448
2021-03-30 13:00:00,58850.0,59300.0,59150.01,58913.41,991.26077347
2021-03-30 14:00:00,58632.6,59015.1,58907.06,58878.97,746.39509929
2021-03-30 15:00:00,58463.51,58957.87,58878.98,58514.7,728.79576704
2021-03-30 16:00:00,58460.0,58850.0,58514.7,58720.46,621.71435608
2021-03-30 17:00:00,58680.5,58897.45,58720.45,58720.75,415.61447464
2021-03-30 18:00:00,58716.7,59114.03,58720.61,58881.25,829.56117813
2021-03-30 19:00:00,58734.47,59099.0,58879.9,59098.99,577.79142879
2021-03-30 20:00:00,58420.61,59100.0,59099.0,58665.71,541.48990987
2021-03-30 21:00:00,58584.54,58852.71,58665.72,58756.82,240.54242097
2021-03-30 22:00:00,58642.29,58950.36,58756.82,58704.55,486.82099072
2021-03-30 23:00:00,58554.48,58791.12,58704.54,58786.46,441.31296913
2021-03-31 00:00:00,58692.84,59061.7,58786.46,59046.61,577.78572038
2021-03-31 01:00:00,58840.02,59093.0,59046.6,58933.03,630.30335226
2021-03-31 02:00:00,58680.0,58933.04,58933.04,58680.0,372.30104997
2021-03-31 03:00:00,58426.03,58745.58,58680.01,58635.38,407.61311835
2021-03-31 04:00:00,58501.01,58797.67,58635.38,58740.77,345.96191869
2021-03-31 05:00:00,58553.93,58743.92,58737.06,58715.0,233.07132775
2021-03-31 06:00:00,58682.82,59795.99,58715.0,59702.75,974.42686132
2021-03-31 07:00:00,57501.0,59800.0,59704.6,58177.1,1284.78214433
2021-03-31 08:00:00,56873.8,58261.12,58184.04,58016.08,1366.35958607
2021-03-31 09:00:00,57700.94,58280.73,58003.01,57967.85,411.53159231
2021-03-31 10:00:00,57280.0,58080.0,57962.05,57730.17,466.1648558
2021-03-31 11:00:00,57656.56,58154.31,57723.47,58006.71,422.68149107
2021-03-31 12:00:00,57674.49,58336.07,58006.71,58158.94,614.08329901
2021-03-31 13:00:00,58050.0,58797.3,58158.94,58578.27,646.27241295
2021-03-31 14:00:00,58379.85,58790.09,58578.28,58605.79,497.23661905
2021-03-31 15:00:00,58605.78,59472.0,58605.79,59289.49,1531.14834818
2021-03-31 16:00:00,58800.0,59664.55,59302.73,59029.34,1123.69649172
2021-03-31 17:00:00,58939.41,59299.98,59029.34,59269.12,847.70306506
2021-03-31 18:00:00,59191.84,59599.0,59269.12,59291.99,820.61176264
2021-03-31 19:00:00,58380.79,59572.61,59292.0,58601.27,1358.72155812
2021-03-31 20:00:00,58347.44,59115.17,58601.28,58950.03,1064.82207827
2021-03-31 21:00:00,58750.0,59306.5,58950.03,58950.24,487.87222461
2021-03-31 22:00:00,58610.12,59001.0,58950.24,58638.17,441.05174745
2021-03-31 23:00:00,58555.55,58921.0,58638.17,58800.0,450.42410278
2021-04-01 00:00:00,58756.07,59255.84,58800.01,59246.19,475.8670761
2021-04-01 01:00:00,58952.76,59333.16,59246.18,59160.88,347.19781158
2021-04-01 02:00:00,59051.52,59305.0,59158.68,59113.84,193.48624419
2021-04-01 03:00:00,58956.85,59183.41,59112.91,59138.55,223.51307279
2021-04-01 04:00:00,58650.01,59250.0,59138.56,58922.22,598.013112
2021-04-01 05:00:00,58720.01,59000.0,58925.14,58808.64,204.40102989
2021-04-01 06:00:00,58700.0,59044.87,58803.27,58761.5,144.16734167
2021-04-01 07:00:00,58539.34,58969.69,58761.5,58856.15,369.6455894
2021-04-01 08:00:00,58580.86,59474.94,58856.15,58840.04,416.56276858
2021-04-01 09:00:00,58729.35,59265.26,58849.32,58837.32,209.20291128
2021-04-01 10:00:00,58500.0,58970.39,58837.32,58629.47,336.11990595
2021-04-01 11:00:00,58139.94,58689.53,58629.47,58593.82,606.72166909
2021-04-01 12:00:00,58412.49,58749.0,58593.83,58740.01,407.71932185
2021-04-01 13:00:00,58727.24,59100.0,58740.01,58917.41,632.26087495
2021-04-01 14:00:00,58781.1,59074.81,58917.41,59007.7,553.64500038
2021-04-01 15:00:00,58943.17,59284.05,59007.78,58975.02,851.31428045
2021-04-01 16:00:00,58641.48,59136.26,58975.02,58762.41,743.6047273
2021-04-01 17:00:00,58310.63,58825.39,58762.4,58496.76,743.23702018
2021-04-01 18:00:00,57930.0,58787.0,58496.76,58693.4,1191.95853423
2021-04-01 19:00:00,58551.36,58945.64,58698.54,58908.22,700.35245091
2021-04-01 20:00:00,58715.21,59000.0,58915.87,58854.18,362.80452652
2021-04-01 21:00:00,58560.65,58924.8,58854.19,58756.82,254.85787489
2021-04-01 22:00:00,58633.46,58991.09,58756.82,58983.39,274.914552
2021-04-01 23:00:00,58711.29,59015.34,58983.38,58726.48,254.76235289
2021-04-02 00:00:00,58441.88,58875.0,58726.47,58652.38,500.22978431
2021-04-02 01:00:00,58643.66,59000.0,58652.39,58852.21,262.01655046
2021-04-02 02:00:00,58849.14,60055.02,58857.2,59627.0,2106.09626657
2021-04-02 03:00:00,59543.24,59950.0,59627.0,59821.69,580.5251877
2021-04-02 04:00:00,59406.9,59948.5,59821.69,59570.95,653.27145026
2021-04-02 05:00:00,59352.02,59649.23,59570.95,59541.72,283.9622769
2021-04-02 06:00:00,59320.58,59631.84,59543.22,59510.65,178.16310796
2021-04-02 07:00:00,59434.9,59700.74,59512.61,59434.9,337.53782591
2021-04-02 08:00:00,59408.12,59667.12,59431.91,59481.26,125.64011668
2021-04-02 09:00:00,59245.16,59690.09,59481.26,59641.67,404.23110655
2021-04-02 10:00:00,59467.08,59676.23,59641.67,59624.37,159.14857461
2021-04-02 11:00:00,59450.0,59680.0,59628.96,59566.14,228.10490229
2021-04-02 12:00:00,59223.09,59618.02,59566.14,59512.45,309.20615182
2021-04-02 13:00:00,59000.0,59512.49,59512.44,59189.67,898.70828977
2021-04-02 14:00:00,58900.0,59367.43,59189.66,59351.0,775.15190713
2021-04-02 15:00:00,59348.13,59600.0,59351.0,59482.03,474.33299129
2021-04-02 16:00:00,59154.9,59591.85,59482.04,59252.56,311.98907462
2021-04-02 17:00:00,59100.0,59265.57,59252.57,59205.2,360.9781959
2021-04-02 18:00:00,59025.57,59305.39,59205.2,59117.26,280.37569753
2021-04-02 19:00:00,58560.0,59117.26,59117.26,58860.0,569.67526914
2021-04-02 20:00:00,58558.27,58950.0,58860.0,58671.01,310.11450375
2021-04-02 21:00:00,58458.68,58899.54,58671.01,58767.82,357.04540293
2021-04-02 22:00:00,58657.94,58930.0,58767.82,58843.39,207.95412453
2021-04-02 23:00:00,58767.66,59200.0,58843.38,58981.04,292.47141985
2021-04-03 00:00:00,58941.2,59479.0,58981.04,59404.68,390.88211219
2021-04-03 01:00:00,59012.54,59404.69,59404.69,59258.36,252.75356089
2021-04-03 02:00:00,59119.19,59400.0,59259.26,59400.0,309.72405274
2021-04-03 03:00:00,59145.35,59429.0,59400.0,59232.54,161.38265396
2021-04-03 04:00:00,59190.86,59430.72,59232.54,59401.81,151.35263756
2021-04-03 05:00:00,59314.77,59518.28,59401.8,59454.95,162.27437442
2021-04-03 06:00:00,59214.5,59500.0,59458.83,59420.93,140.81980279
2021-04-03 07:00:00,59282.37,59441.72,59420.93,59299.3,97.41295887
2021-04-03 08:00:00,58750.0,59752.0,59299.29,59038.13,495.58291265
2021-04-03 09:00:00,58811.07,59425.56,59029.51,59413.21,159.99794782
2021-04-03 10:00:00,59323.41,59700.0,59413.21,59323.41,175.63293527
2021-04-03 11:00:00,59183.14,59445.59,59322.72,59269.49,138.64524825
2021-04-03 12:00:00,59138.48,59400.0,59257.53,59262.6,121.88393358
2021-04-03 13:00:00,59162.02,59450.0,59262.61,59422.42,143.35184114
2021-04-03 14:00:00,59120.04,59448.99,59422.42,59141.24,188.53303415
2021-04-03 15:00:00,58802.43,59235.58,59143.57,58824.11,300.24734093
2021-04-03 16:00:00,58590.0,59158.87,58824.12,58791.51,372.97564999
2021-04-03 17:00:00,58201.0,58793.22,58791.52,58231.7,699.61531608
2021-04-03 18:00:00,57800.0,58537.97,58223.74,58493.81,666.71942424
2021-04-03 19:00:00,58188.53,58758.17,58493.81,58608.79,387.78061532
2021-04-03 20:00:00,57897.43,58608.79,58608.79,58075.77,323.97621754
2021-04-03 21:00:00,57547.1,58263.02,58079.31,57661.35,702.73455637
2021-04-03 22:00:00,57126.0,57775.0,57661.35,57565.01,877.5555625
2021-04-03 23:00:00,56943.0,57820.9,57565.0,57094.34,983.42931566
2021-04-04 00:00:00,56540.0,57246.83,57094.34,56709.02,970.4773868
2021-04-04 01:00:00,56478.53,57149.99,56708.74,56972.88,778.38493156
2021-04-04 02:00:00,56950.01,57448.12,56972.88,57412.22,395.92097932
2021-04-04 03:00:00,57231.55,57585.52,57412.22,57545.0,233.59802023
2021-04-04 04:00:00,57413.43,57697.36,57545.01,57576.12,224.22391434
2021-04-04 05:00:00,57339.28,57684.5,57576.12,57501.48,154.25279548
2021-04-04 06:00:00,57200.98,57585.04,57501.48,57460.0,179.61158181
2021-04-04 07:00:00,57307.89,57645.59,57460.0,57645.59,168.80907466
2021-04-04 08:00:00,57450.0,57734.87,57645.59,57471.93,156.76434982
2021-04-04 09:00:00,57471.93,57727.01,57471.93,57713.67,104.85376148
2021-04-04 10:00:00,57510.17,57784.07,57713.66,57734.44,133.81562585
2021-04-04 11:00:00,57190.63,57777.83,57734.43,57311.58,209.40896262
2021-04-04 12:00:00,57049.69,57970.08,57311.58,57781.11,294.9385534
2021-04-04 13:00:00,57780.92,58199.25,57780.92,58175.28,283.19223993
2021-04-04 14:00:00,58052.41,58322.89,58175.28,58150.0,275.31105411
2021-04-04 15:00:00,57786.61,58500.0,58150.0,57942.63,398.61213006
2021-04-04 16:00:00,57690.0,58085.49,57943.57,58040.03,233.46821987
2021-04-04 17:00:00,58033.62,58281.48,58040.03,58175.23,137.74505083
2021-04-04 18:00:00,57989.16,58262.0,58175.23,58123.55,199.51656545
2021-04-04 19:00:00,57776.42,58187.13,58123.55,57972.19,179.10622173
2021-04-04 20:00:00,57857.71,58075.0,57969.07,58051.28,174.48286282
2021-04-04 21:00:00,58004.21,58200.0,58051.28,58123.0,152.36807889
2021-04-04 22:00:00,57909.17,58188.0,58123.0,58139.14,119.1423254
2021-04-04 23:00:00,58110.3,58312.8,58135.77,58215.94,143.42719237
2021-04-05 00:00:00,57903.28,58424.0,58216.73,57918.79,234.44359009
2021-04-05 01:00:00,57669.0,57918.79,57918.78,57808.49,252.47918953
2021-04-05 02:00:00,57456.72,57813.76,57813.76,57627.37,358.78583385
2021-04-05 03:00:00,57355.0,57729.56,57627.36,57491.12,304.2195126
2021-04-05 04:00:00,57300.0,57618.29,57491.13,57307.92,255.98156115
2021-04-05 05:00:00,56900.0,57386.68,57307.92,56939.06,455.81848808
2021-04-05 06:00:00,56831.38,57307.73,56925.14,57161.19,332.88580618
2021-04-05 07:00:00,56999.21,57359.09,57161.19,57268.0,183.54921599
2021-04-05 08:00:00,56817.64,57346.44,57267.99,57135.21,184.95591021
2021-04-05 09:00:00,56989.85,57532.46,57135.2,57532.46,207.73504528
2021-04-05 10:00:00,57340.69,57730.77,57532.46,57666.86,187.5534547
2021-04-05 11:00:00,57573.69,57750.0,57666.86,57750.0,287.18955438
2021-04-05 12:00:00,57750.0,58139.13,57750.0,57967.66,378.25244687
2021-04-05 13:00:00,57788.0,58140.58,57967.66,58140.57,326.74871069
2021-04-05 14:00:00,58140.58,59188.0,58140.58,59188.0,1042.39566721
2021-04-05 15:00:00,58874.85,59251.76,59186.86,59037.96,760.6563698
2021-04-05 16:00:00,58874.85,59250.0,59029.5,58992.49,669.95567449
2021-04-05 17:00:00,58615.04,59081.18,58992.49,58953.88,595.59179189
2021-04-05 18:00:00,58755.0,59046.81,58955.56,58901.07,421.0822918
2021-04-05 19:00:00,58806.07,59083.97,58901.07,59030.57,455.59626433
2021-04-05 20:00:00,58775.0,59100.0,59030.56,58785.16,303.71349133
2021-04-05 21:00:00,58500.0,58904.36,58785.14,58679.25,371.91879514
2021-04-05 22:00:00,58679.25,58954.63,58679.25,58880.6,333.60023684
2021-04-05 23:00:00,58540.68,59133.85,58880.6,59123.02,299.75433698
2021-04-06 00:00:00,59033.33,59475.0,59134.07,59328.54,861.8079457
2021-04-06 01:00:00,58000.0,59450.0,59328.54,58805.99,846.02799194
2021-04-06 02:00:00,58640.53,58858.76,58805.99,58746.72,249.78559765
2021-04-06 03:00:00,58600.0,58932.51,58746.72,58611.25,175.90821845
2021-04-06 04:00:00,58600.06,58875.01,58611.25,58775.23,146.351628
2021-04-06 05:00:00,58760.0,58999.0,58775.23,58845.0,177.75008358
2021-04-06 06:00:00,58619.95,58955.36,58845.0,58839.39,167.78472222
2021-04-06 07:00:00,58353.94,58900.0,58843.52,58577.6,241.45401024
2021-04-06 08:00:00,58229.12,58955.35,58577.6,58472.52,526.03638868
2021-04-06 09:00:00,58401.3,58734.56,58472.53,58666.56,191.03062184
2021-04-06 10:00:00,58357.61,58744.36,58666.39,58375.0,192.51688592
2021-04-06 11:00:00,58342.68,58544.74,58375.01,58529.46,232.24742131
2021-04-06 12:00:00,58450.0,58999.99,58529.46,58462.3,560.3604949
2021-04-06 13:00:00,58343.8,58648.34,58462.3,58410.99,437.5184241
2021-04-06 14:00:00,57333.33,58407.16,58407.16,57933.0,1886.21820014
2021-04-06 15:00:00,57630.87,58038.72,57933.0,57837.23,599.72830001
2021-04-06 16:00:00,57740.55,58209.84,57837.23,58082.43,501.72512803
2021-04-06 17:00:00,58001.16,58263.83,58082.43,58247.37,376.56666133
2021-04-06 18:00:00,58026.25,58265.0,58247.37,58260.0,438.22662796
2021-04-06 19:00:00,58008.58,58293.78,58259.99,58261.86,426.54071618
2021-04-06 20:00:00,58181.64,58329.64,58261.86,58252.27,317.92420229
2021-04-06 21:00:00,57642.03,58252.27,58252.26,57894.97,353.95758783
2021-04-06 22:00:00,57676.27,58062.69,57891.46,57917.08,264.18714337
2021-04-06 23:00:00,57867.08,58174.33,57917.08,58019.98,182.67514436
2021-04-07 00:00:00,57510.48,58207.57,58021.67,57673.97,415.9128969
2021-04-07 01:00:00,57239.35,57705.0,57673.97,57532.04,797.15513091
2021-04-07 02:00:00,57490.3,57907.33,57532.04,57790.67,338.00240973
2021-04-07 03:00:00,57668.38,58096.0,57790.68,57917.08,299.50858334
2021-04-07 04:00:00,57275.0,57972.24,57917.09,57645.47,400.5813694
2021-04-07 05:00:00,57559.62,58300.0,57645.47,58279.5,329.71335014
2021-04-07 06:00:00,57892.06,58630.0,58279.51,58057.45,449.28041968
2021-04-07 07:00:00,57435.03,58079.67,58057.45,57852.95,450.11255823
2021-04-07 08:00:00,57436.24,57932.13,57852.94,57750.01,269.51999877
2021-04-07 09:00:00,57001.0,57811.82,57750.01,57478.92,972.13861833
2021-04-07 10:00:00,56620.0,57601.33,57460.94,56833.32,724.82578117
2021-04-07 11:00:00,55677.0,57229.0,56833.31,56303.41,2300.97148901
2021-04-07 12:00:00,55609.0,56573.76,56297.82,56470.01,1524.14309517
2021-04-07 13:00:00,56360.0,56823.96,56470.01,56776.85,904.61071424
2021-04-07 14:00:00,56608.01,56958.0,56776.85,56686.27,704.22996949
2021-04-07 15:00:00,56265.0,56885.87,56686.27,56469.47,870.02485565
2021-04-07 16:00:00,56191.16,56790.0,56469.47,56531.13,837.63611396
2021-04-07 17:00:00,55931.25,56572.73,56531.13,56014.71,939.37008712
2021-04-07 18:00:00,55800.0,56432.3,56024.43,55839.89,848.68133674
2021-04-07 19:00:00,55400.0,56113.5,55839.52,56113.5,1361.01897468
2021-04-07 20:00:00,55688.98,56222.0,56113.51,56222.0,826.39712898
2021-04-07 21:00:00,56076.79,56368.36,56222.0,56189.23,347.58484979
2021-04-07 22:00:00,56117.41,56553.38,56189.23,56457.25,485.73124577
2021-04-07 23:00:00,55888.0,56550.0,56457.25,55955.75,390.14347364
2021-04-08 00:00:00,55700.0,56487.34,55962.67,56410.88,394.73462553
2021-04-08 01:00:00,56238.32,56688.0,56410.88,56488.39,290.1790233
2021-04-08 02:00:00,56201.0,56519.94,56488.4,56485.32,277.06596932
2021-04-08 03:00:00,56261.79,56638.31,56483.76,56537.3,204.09736757
2021-04-08 04:00:00,56522.65,57074.65,56537.3,56918.16,310.79565792
2021-04-08 05:00:00,56771.2,57034.97,56915.02,56824.15,259.2017493
2021-04-08 06:00:00,56835.19,57246.81,56835.19,57121.42,216.47776707
2021-04-08 07:00:00,57005.0,57300.0,57121.42,57012.01,225.16795884
2021-04-08 08:00:00,56767.07,57245.37,57013.24,56884.02,162.52581743
2021-04-08 09:00:00,56587.62,57020.6,56884.03,56650.99,147.89894968
2021-04-08 10:00:00,56404.25,56813.6,56650.99,56741.51,171.85846009
2021-04-08 11:00:00,56355.0,56766.24,56741.51,56438.82,274.30478704
2021-04-08 12:00:00,56346.89,57564.54,56438.82,57457.64,675.44602659
2021-04-08 13:00:00,57284.71,57691.14,57457.65,57447.08,484.86821088
2021-04-08 14:00:00,57370.85,57900.0,57447.08,57697.15,540.85751713
2021-04-08 15:00:00,57556.84,57890.37,57697.14,57760.91,478.89048621
2021-04-08 16:00:00,57632.08,57968.03,57760.91,57738.66,430.40217107
2021-04-08 17:00:00,57558.67,57810.9,57736.97,57766.53,338.11234246
2021-04-08 18:00:00,57702.82,58152.0,57766.52,57926.08,684.16409685
2021-04-08 19:00:00,57580.0,57990.0,57926.07,57734.05,396.53623027
2021-04-08 20:00:00,57577.78,57800.23,57734.05,57668.44,251.5875576
2021-04-08 21:00:00,57446.77,57725.0,57675.49,57658.07,268.05347495
2021-04-08 22:00:00,57555.73,58075.0,57658.07,57901.52,361.91641808
2021-04-08 23:00:00,57777.0,58083.41,57903.44,58083.1,228.45465213
2021-04-09 00:00:00,58036.84,58393.27,58083.1,58299.0,348.50220781
2021-04-09 01:00:00,57941.89,58395.0,58299.0,57987.79,393.39954302
2021-04-09 02:00:00,57871.35,58200.0,57986.56,57917.78,201.79039434
2021-04-09 03:00:00,57850.0,58202.27,57918.82,58011.65,189.26146194
2021-04-09 04:00:00,58002.13,58213.27,58011.65,58211.63,195.87564785
2021-04-09 05:00:00,57905.17,58300.0,58209.25,57965.93,179.85465057
2021-04-09 06:00:00,57826.65,58121.72,57965.93,57841.47,146.79388718
2021-04-09 07:00:00,57670.51,58088.39,57841.47,58056.63,347.04911736
2021-04-09 08:00:00,57681.7,58063.14,58062.19,57750.99,188.63887424
2021-04-09 09:00:00,57750.18,57907.66,57750.99,57892.6,123.09289922
2021-04-09 10:00:00,57864.78,58599.99,57892.6,58599.98,372.31061264
2021-04-09 11:00:00,58441.5,58869.69,58599.98,58512.09,421.2266374
2021-04-09 12:00:00,58345.39,58690.25,58512.1,58487.95,363.64151828
2021-04-09 13:00:00,58317.55,58770.57,58487.95,58400.0,700.30053875
2021-04-09 14:00:00,58016.02,58530.53,58400.01,58343.44,718.73037848
2021-04-09 15:00:00,58037.66,58360.88,58343.44,58206.29,366.16231041
2021-04-09 16:00:00,57850.01,58259.57,58206.29,58182.74,447.93596725
2021-04-09 17:00:00,58070.68,58420.59,58185.63,58379.82,295.58624963
2021-04-09 18:00:00,58239.46,58498.26,58380.72,58368.14,232.9683659
2021-04-09 19:00:00,58143.76,58470.0,58369.56,58373.11,475.77121969
2021-04-09 20:00:00,58270.21,58590.64,58373.12,58323.17,351.32875853
2021-04-09 21:00:00,58299.99,58516.37,58320.29,58325.0,405.90027872
2021-04-09 22:00:00,58003.42,58325.0,58325.0,58058.43,272.87284571
2021-04-09 23:00:00,57844.99,58153.1,58058.78,58092.68,355.7519316
2021-04-10 00:00:00,57875.41,58289.23,58092.68,58098.69,247.09947473
2021-04-10 01:00:00,58075.0,58400.0,58098.7,58395.91,245.7192791
2021-04-10 02:00:00,58303.85,58681.3,58395.92,58681.29,402.60163914
2021-04-10 03:00:00,58681.29,59160.86,58681.29,59160.86,780.80433334
2021-04-10 04:00:00,59162.97,61000.0,59162.98,60951.61,2517.42221078
2021-04-10 05:00:00,60268.24,61218.97,60951.62,60771.01,1303.05535008
2021-04-10 06:00:00,60471.62,60950.0,60773.84,60571.37,460.43471476
2021-04-10 07:00:00,60358.97,60800.0,60560.01,60447.18,393.68968195
2021-04-10 08:00:00,60400.4,60781.53,60447.18,60511.27,283.46401312
2021-04-10 09:00:00,60424.12,60793.6,60511.27,60728.49,143.90842987
2021-04-10 10:00:00,60491.46,60950.0,60728.49,60622.07,228.64168743
2021-04-10 11:00:00,60456.0,60653.03,60622.07,60503.71,252.19719689
2021-04-10 12:00:00,59855.0,60753.34,60503.7,60030.0,510.82862673
2021-04-10 13:00:00,59946.57,60488.0,60030.0,60466.53,621.06843754
2021-04-10 14:00:00,60246.87,60478.07,60466.53,60370.13,278.2625306
2021-04-10 15:00:00,60077.28,60430.89,60370.13,60215.54,307.22565345
2021-04-10 16:00:00,60075.0,60498.0,60220.22,60193.95,427.94151615
2021-04-10 17:00:00,59875.92,60198.1,60193.95,60043.31,436.43376809
2021-04-10 18:00:00,59522.65,60047.0,60043.88,59961.19,499.20036483
2021-04-10 19:00:00,59518.0,59960.99,59960.98,59533.01,265.5508689
2021-04-10 20:00:00,58370.0,59740.7,59533.01,58585.63,999.02321428
2021-04-10 21:00:00,58450.0,59222.86,58585.62,59150.0,521.35110345
2021-04-10 22:00:00,59015.73,59376.14,59150.0,59029.99,288.17961247
2021-04-10 23:00:00,59029.98,59844.02,59029.99,59778.6,403.70735966
2021-04-11 00:00:00,59614.93,60362.9,59778.59,60106.22,604.30488464
2021-04-11 01:00:00,59999.27,60580.0,60104.39,60577.99,518.55060181
2021-04-11 02:00:00,60209.22,60575.04,60575.04,60500.0,373.15900923
2021-04-11 03:00:00,60221.17,60658.89,60500.0,60241.77,335.96242346
2021-04-11 04:00:00,59768.6,60300.92,60244.75,59878.0,386.99554645
2021-04-11 05:00:00,59512.07,59971.49,59878.01,59636.52,263.16344589
2021-04-11 06:00:00,59317.23,59854.44,59636.52,59694.54,322.12115656
2021-04-11 07:00:00,59364.99,59750.7,59694.54,59633.82,229.02689713
2021-04-11 08:00:00,59633.81,60082.22,59633.82,59926.0,243.37656624
2021-04-11 09:00:00,59407.87,60026.31,59926.0,59631.62,269.99945226
2021-04-11 10:00:00,59429.31,59908.42,59631.63,59520.6,278.39008889
2021-04-11 11:00:00,59411.01,59787.29,59520.61,59672.23,216.58871008
2021-04-11 12:00:00,59409.83,59777.6,59672.23,59664.9,220.07363296
2021-04-11 13:00:00,59177.06,59685.5,59664.9,59291.34,263.07869518
2021-04-11 14:00:00,59200.0,59592.95,59291.34,59510.2,221.38891895
2021-04-11 15:00:00,59510.19,59716.81,59510.2,59616.18,185.49032504
2021-04-11 16:00:00,59450.59,59743.66,59616.18,59511.18,273.70100281
2021-04-11 17:00:00,59389.9,59919.54,59511.17,59815.02,241.0101235
2021-04-11 18:00:00,59725.0,59899.28,59815.03,59832.38,216.32408661
2021-04-11 19:00:00,59510.35,60157.0,59832.37,59670.18,388.84418246
2021-04-11 20:00:00,59450.01,59755.75,59670.18,59679.67,261.65687475
2021-04-11 21:00:00,59462.99,59679.67,59679.66,59575.37,221.80622842
2021-04-11 22:00:00,59405.0,60072.0,59575.37,60067.06,532.6799093
2021-04-11 23:00:00,59765.65,60067.07,60067.07,59985.26,211.27240403
2021-04-12 00:00:00,59553.38,60327.99,59983.66,59802.31,424.93605026
2021-04-12 01:00:00,59785.16,60125.01,59802.31,59842.6,275.71907009
2021-04-12 02:00:00,59542.31,59903.08,59842.46,59652.1,520.42982544
2021-04-12 03:00:00,59625.88,60430.0,59652.1,60340.63,446.01245731
2021-04-12 04:00:00,60022.22,60570.0,60340.63,60088.62,585.62037963
2021-04-12 05:00:00,60000.0,60234.68,60092.81,60170.08,170.8504525
2021-04-12 06:00:00,60089.9,60810.0,60170.08,60810.0,246.07745186
2021-04-12 07:00:00,60629.81,61199.0,60810.01,60667.15,696.34633142
2021-04-12 08:00:00,60482.17,60776.59,60666.61,60647.38,262.66992791
2021-04-12 09:00:00,59634.3,60828.55,60647.39,59988.22,548.75341711
2021-04-12 10:00:00,59369.0,60237.24,59989.49,59759.77,556.28402375
2021-04-12 11:00:00,59721.04,60247.72,59762.53,60231.71,352.94619615
2021-04-12 12:00:00,60157.8,60556.39,60231.71,60424.71,578.92887098
2021-04-12 13:00:00,60277.0,60574.47,60424.71,60309.44,528.13093823
2021-04-12 14:00:00,59855.74,60344.69,60309.44,59865.21,506.11250127
2021-04-12 15:00:00,59625.01,60102.35,59865.21,59991.82,813.40394309
2021-04-12 16:00:00,59704.26,60088.94,59991.81,59936.62,781.22721895
2021-04-12 17:00:00,59700.0,59936.57,59936.56,59711.53,639.38982784
2021-04-12 18:00:00,59655.4,59950.0,59709.1,59944.07,493.13516576
2021-04-12 19:00:00,59846.74,60160.0,59944.07,60020.73,434.99679899
2021-04-12 20:00:00,59875.68,60196.49,60020.73,59962.76,471.0257813
2021-04-12 21:00:00,59750.0,60039.55,59975.45,59984.96,541.96650922
2021-04-12 22:00:00,59840.0,60061.03,59986.31,60038.96,264.13014667
2021-04-12 23:00:00,59825.09,60080.0,60038.96,59839.82,328.63424426
2021-04-13 00:00:00,59799.01,60444.06,59836.88,60428.77,644.99503264
2021-04-13 01:00:00,60180.18,60744.0,60428.77,60617.24,544.66882956
2021-04-13 02:00:00,60523.73,60959.94,60617.24,60790.0,834.91925375
2021-04-13 03:00:00,60326.41,61055.0,60789.99,60350.0,1307.55632285
2021-04-13 04:00:00,60282.61,60611.34,60350.0,60571.22,561.56474605
2021-04-13 05:00:00,60450.85,60784.61,60571.21,60661.83,220.8356189
2021-04-13 06:00:00,60416.24,61344.99,60661.84,60707.1,481.9162899
2021-04-13 07:00:00,60579.46,61169.0,60707.1,61043.27,355.60876704
2021-04-13 08:00:00,61038.32,62750.0,61044.75,62639.34,1604.41501882
2021-04-13 09:00:00,62245.35,63199.99,62639.34,62870.28,831.74286498
2021-04-13 10:00:00,62429.94,63059.48,62876.93,62759.39,758.9402265
2021-04-13 11:00:00,62521.0,63078.0,62750.77,62955.46,656.42184577
2021-04-13 12:00:00,62782.97,63273.12,62955.81,63055.56,1061.90793838
2021-04-13 13:00:00,62541.02,63087.08,63055.55,62806.54,885.56630601
2021-04-13 14:00:00,62618.61,63075.58,62808.18,62981.81,733.46164256
2021-04-13 15:00:00,62808.0,63699.99,62981.81,63400.01,1001.38486004
2021-04-13 16:00:00,63025.0,63774.39,63412.31,63150.0,1123.26359992
2021-04-13 17:00:00,63010.01,63388.88,63150.0,63373.71,712.59575341
2021-04-13 18:00:00,62625.0,63595.35,63366.82,62629.21,1146.19710358
2021-04-13 19:00:00,62563.0,63100.0,62629.2,63045.79,793.24325808
2021-04-13 20:00:00,62890.1,63272.73,63034.05,63199.2,457.20609313
2021-04-13 21:00:00,62877.61,63305.54,63199.19,63129.47,379.81302455
2021-04-13 22:00:00,62863.5,63273.78,63129.47,63248.96,360.20103482
2021-04-13 23:00:00,63200.41,63666.82,63248.96,63588.22,439.34059964
2021-04-14 00:00:00,63252.01,63847.67,63588.22,63346.17,689.84084395
2021-04-14 01:00:00,63133.0,63503.99,63346.17,63493.79,630.81622643
2021-04-14 02:00:00,63150.0,63493.8,63493.8,63255.77,375.24331099
2021-04-14 03:00:00,63110.81,63885.49,63253.63,63783.36,529.51294311
2021-04-14 04:00:00,63666.0,64311.39,63783.37,64303.77,861.88761719
2021-04-14 05:00:00,63950.02,64565.94,64303.78,64086.43,589.91605172
2021-04-14 06:00:00,63949.18,64899.0,64086.42,64621.36,827.70659974
2021-04-14 07:00:00,64343.35,64677.96,64621.36,64360.26,364.87067184
2021-04-14 08:00:00,63508.7,64631.32,64360.26,64005.13,957.39968531
2021-04-14 09:00:00,63102.57,64219.22,64015.85,63654.05,797.18981378
2021-04-14 10:00:00,63500.0,64233.36,63654.05,64167.58,869.10697146
2021-04-14 11:00:00,64157.99,64850.0,64167.58,64583.11,520.09848758
2021-04-14 12:00:00,63693.0,64707.33,64583.11,63914.62,882.08196948
2021-04-14 13:00:00,63612.55,64574.97,63914.62,63818.02,1192.12317387
2021-04-14 14:00:00,62600.01,63818.02,63818.01,62981.12,1987.64101538
2021-04-14 15:00:00,62354.57,63381.4,62985.93,63047.68,1288.14533592
2021-04-14 16:00:00,62772.23,63731.54,63047.69,63528.54,1322.15311242
2021-04-14 17:00:00,62190.0,63777.0,63528.54,62228.46,1530.91738947
2021-04-14 18:00:00,61560.05,62675.64,62245.41,62085.36,1877.89727824
2021-04-14 19:00:00,61277.91,62472.97,62085.36,62135.27,1779.60935323
2021-04-14 20:00:00,61849.53,62456.64,62143.08,62371.94,687.53453729
2021-04-14 21:00:00,62345.03,62825.0,62371.94,62747.94,882.31766796
2021-04-14 22:00:00,62556.04,63000.0,62747.85,62850.93,726.21687066
2021-04-14 23:00:00,62595.83,63051.64,62851.63,62971.8,400.61420742
2021-04-15 00:00:00,62696.18,63388.88,62971.8,62719.94,639.00116796
2021-04-15 01:00:00,62633.33,63157.42,62719.93,62656.73,342.03939173
2021-04-15 02:00:00,62327.38,63059.94,62656.74,62821.48,403.88800253
2021-04-15 03:00:00,62678.91,63234.31,62824.64,63065.99,427.03300053
2021-04-15 04:00:00,62898.0,63484.77,63065.99,62964.53,720.18859918
2021-04-15 05:00:00,62708.06,63285.59,62964.53,63119.49,308.98078852
2021-04-15 06:00:00,62765.38,63304.5,63137.43,62956.19,193.17893706
2021-04-15 07:00:00,62796.78,63223.15,62956.18,62879.03,208.34710472
2021-04-15 08:00:00,62532.66,63138.75,62879.02,62621.0,272.51401372
2021-04-15 09:00:00,62521.44,62838.91,62621.0,62628.51,196.07855661
2021-04-15 10:00:00,62156.53,62725.58,62622.54,62162.26,285.85116275
2021-04-15 11:00:00,62036.73,62477.94,62162.26,62353.54,320.8876099
2021-04-15 12:00:00,62352.09,62755.72,62352.52,62668.42,376.29583385
2021-04-15 13:00:00,62660.49,63148.05,62668.43,62999.72,461.92769578
2021-04-15 14:00:00,62624.84,63050.0,63006.86,62700.0,422.64823944
2021-04-15 15:00:00,62477.0,62805.22,62700.0,62767.0,429.83022536
2021-04-15 16:00:00,62544.12,63032.38,62767.0,62732.79,580.70388737
2021-04-15 17:00:00,62364.51,62773.87,62732.8,62649.52,415.70441036
2021-04-15 18:00:00,62559.51,62921.22,62649.53,62822.52,567.36907763
2021-04-15 19:00:00,62812.56,63652.35,62821.42,63466.92,1131.44717637
2021-04-15 20:00:00,63223.72,63649.99,63466.42,63401.44,910.98040364
2021-04-15 21:00:00,63317.02,63831.82,63401.44,63441.13,651.40330543
2021-04-15 22:00:00,63261.31,63673.19,63441.12,63324.52,531.79757728
2021-04-15 23:00:00,63047.03,63413.36,63324.51,63229.04,411.35436038
2021-04-16 00:00:00,63081.91,63604.34,63229.04,63419.35,676.31802502
